start,ID,commend,data_length,data1,data2,data3,data4,data5,end,image,sector
0x19,0x4D,0x01,0x05,0x00,0x00,,,,2f,arrow_00.png,0
0x19,0x4D,0x01,0x05,0x00,0x01,,,,2f,arrow_01.png,0
0x19,0x4D,0x01,0x05,0x00,0x02,,,,2f,arrow_02.png,0
0x19,0x4D,0x01,0x05,0x00,0x03,,,,2f,arrow_03.png,0
0x19,0x4D,0x01,0x05,0x00,0x04,,,,2f,arrow_04.png,0
0x19,0x4D,0x01,0x05,0x00,0x05,,,,2f,arrow_05.png,0
0x19,0x4D,0x01,0x05,0x00,0x06,,,,2f,arrow_06.png,0
0x19,0x4D,0x01,0x05,0x00,0x07,,,,2f,arrow_07.png,0
0x19,0x4D,0x01,0x05,0x00,0x08,,,,2f,arrow_08.png,0
0x19,0x4D,0x01,0x05,0x00,0x09,,,,2f,arrow_09.png,0
0x19,0x4D,0x01,0x05,0x00,0x0A,,,,2f,arrow_10.png,0
0x19,0x4D,0x01,0x05,0x00,0x0B,,,,2f,arrow_11.png,0
0x19,0x4D,0x01,0x05,0x00,0x0C,,,,2f,arrow_12.png,0
0x19,0x4D,0x01,0x05,0x00,0x0D,,,,2f,arrow_13.png,0
0x19,0x4D,0x01,0x05,0x00,0x0E,,,,2f,arrow_14.png,0
0x19,0x4D,0x01,0x05,0x00,0x0F,,,,2f,arrow_15.png,0
0x19,0x4D,0x01,0x05,0x00,0x10,,,,2f,arrow_16.png,0
0x19,0x4D,0x01,0x05,0x00,0x11,,,,2f,arrow_17.png,0
0x19,0x4D,0x01,0x05,0x00,0x12,,,,2f,arrow_18.png,0
0x19,0x4D,0x01,0x05,0x01,0x00,,,,2f,arrow_110.png,0
0x19,0x4D,0x01,0x05,0x01,0x01,,,,2f,arrow_111.png,0
0x19,0x4D,0x01,0x05,0x01,0x02,,,,2f,arrow_112.png,0
0x19,0x4D,0x01,0x05,0x01,0x03,,,,2f,arrow_113.png,0
0x19,0x4D,0x01,0x05,0x01,0x04,,,,2f,arrow_114.png,0
0x19,0x4D,0x01,0x05,0x01,0x05,,,,2f,arrow_115.png,0
0x19,0x4D,0x01,0x05,0x01,0x06,,,,2f,arrow_116.png,0
0x19,0x4D,0x01,0x05,0x01,0x07,,,,2f,arrow_117.png,0
